Kategória,Név,Latin név,Védett,Természetvédelmi státusz,Természetvédelmi érték (Ft),Wikipedia link
Emlősök,Keleti sün,Erinaceus europaeus roumanicus,Védett,Nem fenyegetett,25000,https://hu.wikipedia.org/wiki/Keleti_sün
Emlősök,Vakondok,Talpa europaea,Védett,Nem fenyegetett,25000,https://hu.wikipedia.org/wiki/Vakondok
Emlősök,Mezei cickány,Crocidura leucodon,Védett,Nem fenyegetett,10000,https://hu.wikipedia.org/wiki/Mezei_cickány
Emlősök,Közönséges késeidenevér,Eptesicus serotinus,Védett,Nem fenyegetett,25000,https://hu.wikipedia.org/wiki/Közönséges_késeidenevér
Emlősök,Mezei nyúl,Lepus europaeus,Nem,Nem fenyegetett,0,https://hu.wikipedia.org/wiki/Mezei_nyúl
Emlősök,Törpeegér,Micromys minutus,Védett,Nem fenyegetett,25000,https://hu.wikipedia.org/wiki/Törpeegér
Emlősök,Pirókegér,Apodemus agrarius,Nem,Nem fenyegetett,0,https://hu.wikipedia.org/wiki/Pirókegér
Emlősök,Güzüegér,Mus musculus spicilegus,Nem,Nem fenyegetett,0,https://hu.wikipedia.org/wiki/Güzüegér
Emlősök,Hörcsög,Cricetus cricetus,Védett,Nem fenyegetett,25000,https://hu.wikipedia.org/wiki/Mezei_hörcsög
Emlősök,Pézsmapocok,Ondatra zibethica,Nem,Nem fenyegetett,0,https://hu.wikipedia.org/wiki/Pézsmapocok
Emlősök,Közönséges kószapocok,Arvicola terrestris,Nem,Nem fenyegetett,0,https://hu.wikipedia.org/wiki/Közönséges_kószapocok
Emlősök,Mezei pocok,Arvicola terrestris,Nem,Nem fenyegetett,0,https://hu.wikipedia.org/wiki/Mezei_pocok
Emlősök,Róka,Vulpes vulpes,Nem,Nem fenyegetett,0,https://hu.wikipedia.org/wiki/Vörös_róka
Emlősök,Menyét,Mustela nivalis,Védett,Nem fenyegetett,25000,https://hu.wikipedia.org/wiki/Menyét
Emlősök,Görény,Mustela putorius,Nem,Nem fenyegetett,0,https://hu.wikipedia.org/wiki/Közönséges_görény
Emlősök,Vidra,Lutra lutra,Fokozottan védett,Mérsékelten fenyegetett,250000,https://hu.wikipedia.org/wiki/Európai_vidra
Emlősök,Őz,Capreolus capreolus,Nem,Nem fenyegetett,0,https://hu.wikipedia.org/wiki/Európai_őz
Emlősök,Közönséges ürge,Spermophilus citellus,Igen,Sebezhető,250000,https://hu.wikipedia.org/wiki/Közönséges_ürge
Halak,Csuka,Esox lucius,Nem,Nem fenyegetett,0,https://hu.wikipedia.org/wiki/Csuka
Halak,Vörösszárnyú keszeg,Scardinius erythrophthalmus,Nem,Nem fenyegetett,0,https://hu.wikipedia.org/wiki/Vörösszárnyú_keszeg
Halak,Compó,Tinca tinca,Nem,Nem fenyegetett,0,https://hu.wikipedia.org/wiki/Compó
Halak,Gyöngyös razbóra,Pseudorasbora parva,Nem,Nem fenyegetett,0,https://hu.wikipedia.org/wiki/Kínai_razbóra
Halak,Fehér busa,Hypophtalmichthys molitrix,Nem,Nem fenyegetett,0,https://hu.wikipedia.org/wiki/Fehér_busa
Halak,Pettyes busa,Aristichthys nobilis,Nem,Nem fenyegetett,0,https://hu.wikipedia.org/wiki/Pettyes_busa
Halak,Szivárványos ökle,Rhodeus sericeus amarus,Védett,Nem fenyegetett,5000,https://hu.wikipedia.org/wiki/Szivárványos_ökle
Halak,Kárász,Carassius carassius,Védett,Sebezhető,50000,https://hu.wikipedia.org/wiki/Széles_kárász
Halak,Ezüstkárász,Carassius aurata gibelio,Nem,Nem fenyegetett,0,https://hu.wikipedia.org/wiki/Ezüstkárász
Halak,Ponty,Cyprinus carpio,Nem,Sebezhető (vadon),0,https://hu.wikipedia.org/wiki/Ponty
Halak,Réticsík,Misgurnus fossilis,Védett,Nem fenyegetett,10000,https://hu.wikipedia.org/wiki/Réticsík
Halak,Harcsa,Silurus glanis,Nem,Nem fenyegetett,0,https://hu.wikipedia.org/wiki/Európai_harcsa
Halak,Naphal,Lepomis gibbosus,Nem,Nem fenyegetett,0,https://hu.wikipedia.org/wiki/Naphal
Halak,Vágó durbincs,Acerina cernua,Védett,Nem fenyegetett,10000,https://hu.wikipedia.org/wiki/Vágó_durbincs
Hüllők,Mocsári teknős,Emys orbicularis,Védett,Mérsékelten fenyegetett,50000,https://hu.wikipedia.org/wiki/Mocsári_teknős
Hüllők,Fürge gyík,Lacerta agilis,Védett,Nem fenyegetett,10000,https://hu.wikipedia.org/wiki/Fürge_gyík
Hüllők,Homoki gyík,Lacerta taurica,Védett,Nem fenyegetett,50000,https://hu.wikipedia.org/wiki/Homoki_gyík
Hüllők,Zöld gyík,Lacerta viridis,Védett,Nem fenyegetett,10000,https://hu.wikipedia.org/wiki/Zöld_gyík
Hüllők,Vízisikló,Natrix natrix,Védett,Nem fenyegetett,10000,https://hu.wikipedia.org/wiki/Vízisikló
Kétéltűek,Pettyes gőte,Triturus vulgaris,Védett,Nem fenyegetett,10000,https://hu.wikipedia.org/wiki/Pettyes_gőte
Kétéltűek,Tarajos gőte,Triturus cristatus,Védett,Nem fenyegetett,50000,https://hu.wikipedia.org/wiki/Közönséges_tarajosgőte
Kétéltűek,Vöröshasú unka,Bombina bombina,Védett,Nem fenyegetett,10000,https://hu.wikipedia.org/wiki/Vöröshasú_unka
Kétéltűek,Barna ásóbéka,Pelobates fuscus,Védett,Nem fenyegetett,10000,https://hu.wikipedia.org/wiki/Barna_ásóbéka
Kétéltűek,Zöld varangy,Bufo viridis,Védett,Nem fenyegetett,10000,https://hu.wikipedia.org/wiki/Zöld_varangy
Kétéltűek,Zöld levelibéka,Hyla arborea,Védett,Nem fenyegetett,10000,https://hu.wikipedia.org/wiki/Zöld_levelibéka
Kétéltűek,Mocsári béka,Rana arvalis,Védett,Nem fenyegetett,50000,https://hu.wikipedia.org/wiki/Mocsári_béka
Kétéltűek,Kecskebéka,Rana esculenta,Védett,Nem fenyegetett,10000,https://hu.wikipedia.org/wiki/Kecskebéka
Kétéltűek,Tavi béka,Rana ridibunda,Védett,Nem fenyegetett,10000,https://hu.wikipedia.org/wiki/Tavi_béka
Lepkék,Kéköves bagolylepke,Catocala fraxini,Nem,Nem fenyegetett,2000,https://hu.wikipedia.org/wiki/Kéköves_bagolylepke
Lepkék,Kis tavasziaraszoló,Archiearis puella,Nem,Nem fenyegetett,5000,https://www.knp.hu/hu/hirek/a-tavasz-kozeledtet-jelzi-a-kis-tavasziaraszolo-341
Lepkék,Hermelin-púposszövő,Cerura erminea,Nem,Nem fenyegetett,0,https://hu.wikipedia.org/wiki/Hermelin-púposszövő
Lepkék,Feles busalepke,Pyrgus armoricanus,Nem,Nem fenyegetett,0,https://hu.wikipedia.org/wiki/Pyrgus_armoricanus
Lepkék,Sáfránylepke,Colias croceus,Nem,Nem fenyegetett,0,https://hu.wikipedia.org/wiki/Sáfránylepke
Lepkék,Keleti kéneslepke,Colias erate,Nem,Nem fenyegetett,0,https://hu.wikipedia.org/wiki/Keleti_kéneslepke
Lepkék,Csőröslepke,Libythea celtis,Védett,Nem fenyegetett,2000,https://hu.wikipedia.org/wiki/Csőröslepke
Lepkék,Közönséges ökörszemlepke,Hyponephele lupina,Nem,Nem fenyegetett,0,https://hu.wikipedia.org/wiki/Közönséges_ökörszemlepke
Lepkék,Közönséges szemeslepke,Arethusana arethusa,Védett,Nem fenyegetett,5000,https://hu.wikipedia.org/wiki/Közönséges_szemeslepke
Lepkék,Nagy ökörszemlepke,Hipparchia fagi,Nem,Nem fenyegetett,0,https://hu.wikipedia.org/wiki/Nagy_ökörszemlepke
Lepkék,Homoki szemeslepke,Hipparchia statilinus,Védett,Nem fenyegetett,10000,https://hu.wikipedia.org/wiki/Homoki_szemeslepke
Lepkék,Dél-alföldi sakktáblalepke,Melanargia galathea ssp. bugacensis,Nem,Nem fenyegetett,0,https://hu.wikipedia.org/wiki/Sakktáblalepke
Lepkék,Vonalkás csuklyásbagoly,Cucullia beata,Védett,Nem fenyegetett,5000,http://jasius.hu/lepidopterology/cuctan.html
Lepkék,Hayward sárgafűbaglya,Divaena haywardi,Védett,Mérsékelten fenyegetett,10000,https://jasius.hu/lepidopterology/divhay.html
Lepkék,Pompás aranybagoly,Panchrysia deaurata,Védett,Mérsékelten fenyegetett,50000,https://jasius.hu/lepidopterology/pandea.html
Lepkék,Csúcsos nyárfabagoly,AIpimorpha subtusa,Nem,Nem fenyegetett,0,https://jasius.hu/lepidopterology/ipisub.html
Lepkék,Tarka fehéraraszoló,Scopula decorata,Nem,Nem fenyegetett,0,https://jasius.hu/lepidopterology/scodec.html
Lepkék,Tölgyfa-őszibagoly,Spudaea ruticilla,Védett,Mérsékelten fenyegetett,5000,https://jasius.hu/lepidopterology/agrrut.html
Lepkék,Ökörfarkkóró-csuklyásbagoly,Shargacucullia verbasci,Nem,Nem fenyegetett,0,https://jasius.hu/lepidopterology/shaver.html
Lepkék,Szalmasárga csuklyásbagoly,Shargacucullia lychnitis,Nem,Nem fenyegetett,0,https://jasius.hu/lepidopterology/shalyc.html
Lepkék,Őszirózsa-csuklyásbagoly,Cucullia asteris,Védett,Nem fenyegetett,5000,https://jasius.hu/lepidopterology/cucast.html
Lepkék,Vonalkás csuklyásbagoly,Cucullia tanaceti,Védett,Nem fenyegetett,5000,https://jasius.hu/lepidopterology/cuctan.html
Madarak,Kis vöcsök,Podiceps ruficollis,Védett,Nem fenyegetett,10000,https://hu.wikipedia.org/wiki/Kis_vöcsök
Madarak,Feketenyakú vöcsök,Podiceps nigricollis,Védett,Nem fenyegetett,50000,https://hu.wikipedia.org/wiki/Feketenyakú_vöcsök
Madarak,Vörösnyakú vöcsök,Podiceps griseigena,Védett,Nem fenyegetett,50000,https://hu.wikipedia.org/wiki/Vörösnyakú_vöcsök
Madarak,Búbos vöcsök,Podiceps cristatus,Védett,Nem fenyegetett,50000,https://hu.wikipedia.org/wiki/Búbos_vöcsök
Madarak,Kárókatona,Phalacrocorax carbo,Nem,Nem fenyegetett,0,https://hu.wikipedia.org/wiki/Kárókatona
Madarak,Rózsás gödény,Pelecanus onocrotalus,Fokozottan védett,Nem fenyegetett,500000,https://hu.wikipedia.org/wiki/Rózsás_gödény
Madarak,Szürke gém,Ardea cinerea,Védett,Nem fenyegetett,50000,https://hu.wikipedia.org/wiki/Szürke_gém
Madarak,Vörös gém,Ardea purpurea,Fokozottan védett,Nem fenyegetett,250000,https://hu.wikipedia.org/wiki/Vörös_gém
Madarak,Üstökös gém,Ardeola ralloides,Fokozottan védett,Mérsékelten fenyegetett,500000,https://hu.wikipedia.org/wiki/Üstökös_gém
Madarak,Nagy kócsag,Egretta alba,Fokozottan védett,Nem fenyegetett,100000,https://hu.wikipedia.org/wiki/Nagy_kócsag
Madarak,Kis kócsag,Egretta garzetta,Fokozottan védett,Nem fenyegetett,250000,https://hu.wikipedia.org/wiki/Kis_kócsag
Madarak,Bakcsó,Nycticorax nycticorax,Védett,Nem fenyegetett,50000,https://hu.wikipedia.org/wiki/Bakcsó
Madarak,Törpegém,Ixobrychus minutus,Védett,Nem fenyegetett,100000,https://hu.wikipedia.org/wiki/Törpegém
Madarak,Bölömbika,Botaurus stellaris,Fokozottan védett,Nem fenyegetett,100000,https://hu.wikipedia.org/wiki/Bölömbika
Madarak,Fehér gólya,Ciconia ciconia,Fokozottan védett,Nem fenyegetett,100000,https://hu.wikipedia.org/wiki/Fehér_gólya
Madarak,Batla,Plegadis falcinellus,Fokozottan védett,Nem fenyegetett,500000,https://hu.wikipedia.org/wiki/Batla
Madarak,Kanalasgém,Platalea leucorodia,Fokozottan védett,Nem fenyegetett,500000,https://hu.wikipedia.org/wiki/Kanalasgém
Madarak,Bütykös hattyú,Cygnus olor,Védett,Nem fenyegetett,50000,https://hu.wikipedia.org/wiki/Bütykös_hattyú
Madarak,Nyári lúd,Anser anser,Védett,Nem fenyegetett,50000,https://hu.wikipedia.org/wiki/Nyári_lúd
Madarak,Nagy lilik,Anser albifrons,Nem,Nem fenyegetett,0,https://hu.wikipedia.org/wiki/Nagy_lilik
Madarak,Vetési lúd,Anser fabalis,Nem,Nem fenyegetett,0,https://hu.wikipedia.org/wiki/Vetési_lúd
Madarak,Tőkés réce,Anas platyrhynchos,Nem,Nem fenyegetett,0,https://hu.wikipedia.org/wiki/Tőkés_réce
Madarak,Böjti réce,Anas querquedula,Védett,Nem fenyegetett,100000,https://hu.wikipedia.org/wiki/Böjti_réce
Madarak,Csörgő réce,Anas crecca,Védett,Nem fenyegetett,50000,https://hu.wikipedia.org/wiki/Csörgő_réce
Madarak,Fütyülő réce,Anas penelope,Védett,Nem fenyegetett,50000,https://hu.wikipedia.org/wiki/Fütyülő_réce
Madarak,Nyílfarkú réce,Anas acuta,Védett,Nem fenyegetett,50000,https://hu.wikipedia.org/wiki/Nyílfarkú_réce
Madarak,Kanalas réce,Anas clypeata,Védett,Nem fenyegetett,50000,https://hu.wikipedia.org/wiki/Kanalas_réce
Madarak,Barátréce,Aythya ferina,Védett,Sebezhető,50000,https://hu.wikipedia.org/wiki/Barátréce
Madarak,Cigányréce,Aythya nyroca,Fokozottan védett,Mérsékelten fenyegetett,500000,https://hu.wikipedia.org/wiki/Cigányréce
Madarak,Kerceréce,Bucephala clangula,Védett,Nem fenyegetett,50000,https://hu.wikipedia.org/wiki/Kerceréce
Madarak,Örvös bukó,Mergus serrator,Védett,Nem fenyegetett,50000,https://hu.wikipedia.org/wiki/Örvös_bukó
Madarak,Héja,Accipiter gentilis,Védett,Nem fenyegetett,50000,https://hu.wikipedia.org/wiki/Héja
Madarak,Karvaly,Accipiter nisus,Védett,Nem fenyegetett,50000,https://hu.wikipedia.org/wiki/Karvaly
Madarak,Egerészölyv,Buteo buteo,Védett,Nem fenyegetett,25000,https://hu.wikipedia.org/wiki/Egerészölyv
Madarak,Kékes rétihéja,Circus cyaneus,Védett,Nem fenyegetett,50000,https://hu.wikipedia.org/wiki/Kékes_rétihéja
Madarak,Barna rétihéja,Circus aeruginosus,Védett,Nem fenyegetett,50000,https://hu.wikipedia.org/wiki/Barna_rétihéja
Madarak,Halászsas,Pandion haliaetus,Fokozottan védett,Nem fenyegetett,500000,https://hu.wikipedia.org/wiki/Halászsas
Madarak,Kabasólyom,Falco subbuteo,Védett,Nem fenyegetett,50000,https://hu.wikipedia.org/wiki/Kabasólyom
Madarak,Kék vércse,Falco vespertinus,Fokozottan védett,Sebezhető,500000,https://hu.wikipedia.org/wiki/Kék_vércse
Madarak,Vörös vércse,Falco tinnunculus,Védett,Nem fenyegetett,50000,https://hu.wikipedia.org/wiki/Vörös_vércse
Madarak,Fogoly,Perdix perdix,Védett,Nem fenyegetett,10000,https://hu.wikipedia.org/wiki/Fogoly_(madárfaj)
Madarak,Fürj,Coturnix coturnix,Védett,Nem fenyegetett,50000,https://hu.wikipedia.org/wiki/Fürj
Madarak,Fácán,Phasianus colchicus,Nem,Nem fenyegetett,0,https://hu.wikipedia.org/wiki/Fácán
Madarak,Daru,Grus grus,Védett,Nem fenyegetett,50000,https://hu.wikipedia.org/wiki/Daru_(madár)
Madarak,Guvat,Rallus aquaticus,Védett,Nem fenyegetett,50000,https://hu.wikipedia.org/wiki/Guvat
Madarak,Pettyes vízicsibe,Porzana porzana,Védett,Nem fenyegetett,50000,https://hu.wikipedia.org/wiki/Pettyes_vízicsibe
Madarak,Vízityúk,Gallinula chloropus,Védett,Nem fenyegetett,10000,https://hu.wikipedia.org/wiki/Vízityúk
Madarak,Szárcsa,Fulica atra,Nem,Nem fenyegetett,0,https://hu.wikipedia.org/wiki/Szárcsa_(madár)
Madarak,Bíbic,Vanellus vanellus,Védett,Mérsékelten fenyegetett,50000,https://hu.wikipedia.org/wiki/Bíbic
Madarak,Nagy póling,Numenius arquata,Fokozottan védett,Mérsékelten fenyegetett,500000,https://hu.wikipedia.org/wiki/Nagy_póling
Madarak,Nagy goda,Limosa limosa,Fokozottan védett,Mérsékelten fenyegetett,250000,https://hu.wikipedia.org/wiki/Nagy_goda
Madarak,Piroslábú cankó,Tringa totanus,Védett,Nem fenyegetett,50000,https://hu.wikipedia.org/wiki/Piroslábú_cankó
Madarak,Erdei cankó,Tringa ochropus,Védett,Nem fenyegetett,50000,https://hu.wikipedia.org/wiki/Erdei_cankó
Madarak,Billegető cankó,Tringa hypoleucos,Védett,Nem fenyegetett,50000,https://hu.wikipedia.org/wiki/Billegetőcankó
Madarak,Közép sárszalonka,Gallinago gallinago,Védett,Nem fenyegetett,10000,https://hu.wikipedia.org/wiki/Sárszalonka
Madarak,Kis sárszalonka,Lymnocryptes minimus,Védett,Nem fenyegetett,50000,https://hu.wikipedia.org/wiki/Kis_sárszalonka
Madarak,Pajzsoscankó,Philomachus pugnax,Védett,Nem fenyegetett,50000,https://hu.wikipedia.org/wiki/Pajzsoscankó
Madarak,Gulipán,Recurvirostra avosetta,Fokozottan védett,Nem fenyegetett,250000,https://hu.wikipedia.org/wiki/Gulipán
Madarak,Kis sirály,Larus minutus,Védett,Nem fenyegetett,50000,https://hu.wikipedia.org/wiki/Kis_sirály
Madarak,Dankasirály,Larus ridibundus,Védett,Nem fenyegetett,50000,https://hu.wikipedia.org/wiki/Dankasirály
Madarak,Ezüstsirály,Larus argentatus,Nem,Nem fenyegetett,0,https://hu.wikipedia.org/wiki/Ezüstsirály
Madarak,Fehérarcú szerkő,Chlidonias hybrida,Védett,Nem fenyegetett,100000,https://hu.wikipedia.org/wiki/Fehérarcú_szerkő
Madarak,Fehérszárnyú szerkő,Chlidonias leucopterus,Védett,Nem fenyegetett,100000,https://hu.wikipedia.org/wiki/Fehérszárnyú_szerkő
Madarak,Kormos szerkő,Chlidonias niger,Védett,Nem fenyegetett,100000,https://hu.wikipedia.org/wiki/Kormos_szerkő
Madarak,Küszvágó csér,Sterna hirundo,Védett,Nem fenyegetett,50000,https://hu.wikipedia.org/wiki/Küszvágó_csér
Madarak,Örvös galamb,Columba palumbus,Nem,Nem fenyegetett,0,https://hu.wikipedia.org/wiki/Örvös_galamb
Madarak,Vadgerle,Streptopelia turtur,Védett,Nem fenyegetett,50000,https://hu.wikipedia.org/wiki/Vadgerle
Madarak,Balkáni gerle,Streptopelia decaocto,Nem,Nem fenyegetett,0,https://hu.wikipedia.org/wiki/Balkáni_gerle
Madarak,Kakukk,Cuculus canorus,Védett,Nem fenyegetett,50000,https://hu.wikipedia.org/wiki/Kakukk
Madarak,Kuvik,Athene noctua,Védett,Nem fenyegetett,50000,https://hu.wikipedia.org/wiki/Kuvik
Madarak,Erdei fülesbagoly,Asio otus,Védett,Nem fenyegetett,50000,https://hu.wikipedia.org/wiki/Erdei_fülesbagoly
Madarak,Réti fülesbagoly,Asio flammeus,Fokozottan védett,Nem fenyegetett,250000,https://hu.wikipedia.org/wiki/Réti_fülesbagoly
Madarak,Sarlósfecske,Apus apus,Védett,Nem fenyegetett,10000,https://hu.wikipedia.org/wiki/Sarlósfecske
Madarak,Gyurgyalag,Merops apiaster,Fokozottan védett,Nem fenyegetett,100000,https://hu.wikipedia.org/wiki/Gyurgyalag
Madarak,Búbos banka,Upupa epops,Védett,Nem fenyegetett,50000,https://hu.wikipedia.org/wiki/Búbos_banka
Madarak,Szalakóta,Coracias garrulus,Fokozottan védett,Nem fenyegetett,500000,https://hu.wikipedia.org/wiki/Szalakóta
Madarak,Zöld küllő,Picus viridis,Védett,Nem fenyegetett,50000,https://hu.wikipedia.org/wiki/Zöld_küllő
Madarak,Balkáni fakopáncs,Dendrocopos syriacus,Védett,Nem fenyegetett,50000,https://hu.wikipedia.org/wiki/Balkáni_fakopáncs
Madarak,Búbos pacsirta,Galerida cristata,Védett,Nem fenyegetett,10000,https://hu.wikipedia.org/wiki/Búbos_pacsirta
Madarak,Mezei pacsirta,Alauda arvensis,Védett,Nem fenyegetett,10000,https://hu.wikipedia.org/wiki/Mezei_pacsirta
Madarak,Füstifecske,Hirundo rustica,Védett,Nem fenyegetett,10000,https://hu.wikipedia.org/wiki/Füstifecske
Madarak,Partifecske,Riparia riparia,Védett,Nem fenyegetett,10000,https://hu.wikipedia.org/wiki/Partifecske
Madarak,Sárgarigó,Oriolus oriolus,Védett,Nem fenyegetett,25000,https://hu.wikipedia.org/wiki/Sárgarigó
Madarak,Szajkó,Garrulus glandarius,Nem,Nem fenyegetett,0,https://hu.wikipedia.org/wiki/Szajkó
Madarak,Szarka,Pica pica,Nem,Nem fenyegetett,0,https://hu.wikipedia.org/wiki/Szarka
Madarak,Dolmányos varjú,Corvus corone cornix,Nem,Nem fenyegetett,0,https://hu.wikipedia.org/wiki/Dolmányos_varjú
Madarak,Vetési varjú,Corvus frugilegus,Védett,Nem fenyegetett,50000,https://hu.wikipedia.org/wiki/Vetési_varjú
Madarak,Csóka,Corvus monedula,Védett,Nem fenyegetett,10000,https://hu.wikipedia.org/wiki/Csóka_(madár)
Madarak,Holló,Corvus corax,Védett,Nem fenyegetett,50000,https://hu.wikipedia.org/wiki/Holló
Madarak,Kék cinege,Parus caeruleus,Védett,Nem fenyegetett,25000,https://hu.wikipedia.org/wiki/Kék_cinege
Madarak,Széncinege,Parus major,Védett,Nem fenyegetett,25000,https://hu.wikipedia.org/wiki/Széncinege
Madarak,Függőcinege,Remiz pendulinus,Védett,Nem fenyegetett,50000,https://hu.wikipedia.org/wiki/Függőcinege
Madarak,Barkóscinege,Panurus biarmicus,Védett,Nem fenyegetett,50000,https://hu.wikipedia.org/wiki/Barkóscinege
Madarak,Ökörszem,Troglodytes troglodytes,Védett,Nem fenyegetett,25000,https://hu.wikipedia.org/wiki/Ökörszem
Madarak,Fenyőrigó,Turdus pilaris,Védett,Nem fenyegetett,25000,https://hu.wikipedia.org/wiki/Fenyőrigó
Madarak,Fekete rigó,Turdus merula,Védett,Nem fenyegetett,25000,https://hu.wikipedia.org/wiki/Fekete_rigó
Madarak,Hantmadár,Oenanthe oenanthe,Védett,Nem fenyegetett,50000,https://hu.wikipedia.org/wiki/Hantmadár
Madarak,Cigány-csaláncsúcs,Saxicola torquata,Védett,Nem fenyegetett,25000,https://hu.wikipedia.org/wiki/Cigánycsuk
Madarak,Kerti rozsdafarkú,Phoenicurus phoenicurus,Védett,Nem fenyegetett,25000,https://hu.wikipedia.org/wiki/Kerti_rozsdafarkú
Madarak,Fülemüle,Luscinia megarhynchos,Védett,Nem fenyegetett,25000,https://hu.wikipedia.org/wiki/Fülemüle
Madarak,Vörösbegy,Erithacus rubecula,Védett,Nem fenyegetett,25000,https://hu.wikipedia.org/wiki/Vörösbegy
Madarak,Nádi tücsökmadár,Locustella luscinioides,Védett,Nem fenyegetett,50000,https://hu.wikipedia.org/wiki/Nádi_tücsökmadár
Madarak,Nádirigó,Acrocephalus arundinaceus,Védett,Nem fenyegetett,25000,https://hu.wikipedia.org/wiki/Nádirigó
Madarak,Cerregő nádiposzáta,Acrocephalus scirpaceus,Védett,Nem fenyegetett,25000,https://hu.wikipedia.org/wiki/Cserregő_nádiposzáta
Madarak,Foltos nádiposzáta,Acrocephalus schoenobaenus,Védett,Nem fenyegetett,25000,https://hu.wikipedia.org/wiki/Foltos_nádiposzáta
Madarak,Kis poszáta,Sylvia curruca,Védett,Nem fenyegetett,25000,https://hu.wikipedia.org/wiki/Kis_poszáta
Madarak,Csilp-csalp füzike,Phylloscopus collybita,Védett,Nem fenyegetett,25000,https://hu.wikipedia.org/wiki/Csilpcsalpfüzike
Madarak,Sárgafejű királyka,Regulus regulus,Védett,Nem fenyegetett,25000,https://hu.wikipedia.org/wiki/Sárgafejű_királyka
Madarak,Szürke légykapó,Muscicapa striata,Védett,Nem fenyegetett,50000,https://hu.wikipedia.org/wiki/Szürke_légykapó
Madarak,Réti pityer,Anthus pratensis,Védett,Nem fenyegetett,25000,https://hu.wikipedia.org/wiki/Réti_pityer
Madarak,Barázdabillegető,Motacilla alba,Védett,Nem fenyegetett,25000,https://hu.wikipedia.org/wiki/Barázdabillegető
Madarak,Sárga billegető,Motacilla flava,Védett,Nem fenyegetett,25000,https://hu.wikipedia.org/wiki/Sárga_billegető
Madarak,Nagy őrgébics,Lanius excubitor,Védett,Nem fenyegetett,50000,https://hu.wikipedia.org/wiki/Nagy_őrgébics
Madarak,Kis őrgébics,Lanius minor,Fokozottan védett,Nem fenyegetett,250000,https://hu.wikipedia.org/wiki/Kis_őrgébics
Madarak,Tövisszúró gébics,Lanius collurio,Védett,Nem fenyegetett,25000,https://hu.wikipedia.org/wiki/Tövisszúró_gébics
Madarak,Seregély,Sturnus vulgaris,Nem,Nem fenyegetett,0,https://hu.wikipedia.org/wiki/Seregély
Madarak,Házi veréb,Passer domesticus,Nem,Nem fenyegetett,0,https://hu.wikipedia.org/wiki/Házi_veréb
Madarak,Mezei veréb,Passer montanus,Védett,Nem fenyegetett,25000,https://hu.wikipedia.org/wiki/Mezei_veréb
Madarak,Zöldike,Chloris chloris,Védett,Nem fenyegetett,25000,https://hu.wikipedia.org/wiki/Zöldike
Madarak,Tengelic,Carduelis carduelis,Védett,Nem fenyegetett,25000,https://hu.wikipedia.org/wiki/Tengelic_(madár)
Madarak,Csicsörke,Serinus serinus,Védett,Nem fenyegetett,25000,https://hu.wikipedia.org/wiki/Csicsörke
Madarak,Süvöltő,Pyrrhula pyrrhula,Védett,Nem fenyegetett,25000,https://hu.wikipedia.org/wiki/Süvöltő
Madarak,Sordély,Emberiza calandra,Védett,Nem fenyegetett,25000,https://hu.wikipedia.org/wiki/Sordély
Madarak,Erdei pinty,Fringilla coelebs,Védett,Nem fenyegetett,25000,https://hu.wikipedia.org/wiki/Erdei_pinty
Madarak,Citromsármány,Emberiza citrinella,Védett,Nem fenyegetett,25000,https://hu.wikipedia.org/wiki/Citromsármány
Madarak,Nádi sármány,Emberiza schoeniclus,Védett,Nem fenyegetett,25000,https://hu.wikipedia.org/wiki/Nádi_sármány
Madarak,Sarkantyús sármány,Calcarius lapponicus,Védett,Nem fenyegetett,10000,https://hu.wikipedia.org/wiki/Sarkantyús_sármány
Madarak,Halványgeze,Hippolais pallida,Védett,Nem fenyegetett,50000,https://hu.wikipedia.org/wiki/Halvány_geze
Madarak,Balkáni gerle,Streptopelia decaocto,Nem,Nem fenyegetett,0,https://hu.wikipedia.org/wiki/Balkáni_gerle
Madarak,Túzok,Otis tarda,Fokozottan védett,Sebezhető,1000000,https://hu.wikipedia.org/wiki/Túzok
Növények,Tündérfátyol,Nymphoides peltata,Igen,Védett,10000,https://hu.wikipedia.org/wiki/Tündérfátyol
Növények,Sárga vízitök,Nuphar lutea,Nem,Nem fenyegetett,0,https://hu.wikipedia.org/wiki/Sárga_vízitök
Növények,Vidrafű,Menyanthes trifoliata,Igen,Védett,10000,https://hu.wikipedia.org/wiki/Vidrafű
Növények,Homoki kikirics,Colchicum arenarium,Igen,Védett,10000,https://hu.wikipedia.org/wiki/Homoki_kikerics
Növények,Tartós szegfű,Dianthus diutinus,Igen,Fokozottan védett,250000,https://hu.wikipedia.org/wiki/Tartós_szegfű
Növények,Gyömbérgyökér,Geum urbanum,Nem,Nem fenyegetett,0,https://hu.wikipedia.org/wiki/Gyömbérgyökér
Növények,Fehér májvirág,Parnassia palustris,Igen,Védett,10000,https://hu.wikipedia.org/wiki/Fehér_májvirág
Növények,Kornistárnics,Gentiana pneumonanthe,Igen,Védett,10000,https://hu.wikipedia.org/wiki/Kornistárnics
Növények,Mocsári kardvirág,Gladiolus palustris,Igen,Fokozottan védett,250000,https://hu.wikipedia.org/wiki/Mocsári_kardvirág
Növények,Piros madársisak,Cephalanthera rubra,Igen,Védett,10000,https://hu.wikipedia.org/wiki/Piros_madársisak
Növények,Mocsári nőszőfű,Epipactis palustris,Igen,Védett,10000,https://hu.wikipedia.org/wiki/Mocsári_nőszőfű
Növények,Békakonty,Listera ovata,Igen,Védett,10000,https://hu.wikipedia.org/wiki/Békakonty
Növények,Pókbangó,Ophrys sphegodes,Igen,Fokozottan védett,100000,https://hu.wikipedia.org/wiki/Pókbangó
Növények,Agár kosbor,Orchis morio,Igen,Védett,10000,https://hu.wikipedia.org/wiki/Agárkosbor
Növények,Vitéz kosbor,Orchis militaris,Igen,Védett,10000,https://hu.wikipedia.org/wiki/Vitézkosbor
Növények,Mocsári kosbor,Orchis laxiflora ssp. palustris,Igen,Védett,10000,https://hu.wikipedia.org/wiki/Mocsári_kosbor
Növények,Vadmurok,Daucus carota,Nem,Nem fenyegetett,0,https://hu.wikipedia.org/wiki/Murok
Növények,Selyemkóró,Asclepias syriaca,Nem,Inváziós (Nem védett),0,https://hu.wikipedia.org/wiki/Selyemkóró
Növények,Egyhajúvirág,Bulbocodium vernum,Igen,Fokozottan védett,250000,https://hu.wikipedia.org/wiki/Egyhajúvirág
Növények,Tarka sáfrány,Crocus reticulatus,Igen,Védett,10000,https://hu.wikipedia.org/wiki/Tarka_sáfrány
Növények,Árvalányhaj,Stipa joannis,Igen,Védett,5000,https://hu.wikipedia.org/wiki/Árvalányhaj
Növények,Fehér tündérrózsa,Nymphaea alba,Igen,Védett,5000,https://hu.wikipedia.org/wiki/Fehér_tündérrózsa
Növények,Szibériai nőszirom,Iris sibirica,Igen,Védett,10000,https://hu.wikipedia.org/wiki/Szibériai_nőszirom
Növények,Fátyolos nőszirom,Iris spuria,Igen,Védett,10000,https://hu.wikipedia.org/wiki/Fátyolos_nőszirom
Növények,Csipkés gyöngyvessző,Spiraea crenata,Igen,Fokozottan védett,250000,https://hu.wikipedia.org/wiki/Csipkés_gyöngyvessző
Növények,Sárga nőszirom,Iris pseudacorus,Nem,Nem fenyegetett,0,https://hu.wikipedia.org/wiki/Mocsári_nőszirom
Növények,Pusztai madártej,Ornithogalum gussonei,Igen,Védett,5000,https://hu.wikipedia.org/wiki/Sárma
Növények,Epergyöngyike,Muscari botryoides,Igen,Védett,5000,https://hu.wikipedia.org/wiki/Epergyöngyike
Növények,Bíboros kosbor,Orchis purpurea,Igen,Védett,10000,https://hu.wikipedia.org/wiki/Bíboros_kosbor
Növények,Poloskaszagú kosbor,Orchis coriophora,Igen,Védett,50000,https://hu.wikipedia.org/wiki/Poloskaszagú_kosbor